Country Name,Region,IncomeGroup,Country Code,Indicator Name,1995,1996,1997,1998,1999,2000,2001,2002,2003,2004,2005,2006,2007,2008,2009,2010,2011,2012,2013,2014,2015,2016,2017,2018,2019,2020,10-year Average in tourist arrivals,Max number of arrivals,Minimum number of arrivals,Percent drop 2019 to 2020
Aruba,Latin America & Caribbean,High income,ABW,"International tourism, number of arrivals",912000,957000,947000,906000,972000,1211000,1178000,1225000,1184000,1304000,1286000,1285000,1254000,1383000,1420000,1394000,1469000,1481000,1667000,1739000,1832000,1758000,1863000,1897000,1951000,,1739666.667,1951000,906000,
Angola,Sub-Saharan Africa,Lower middle income,AGO,"International tourism, number of arrivals",9000,21000,45000,52000,45000,51000,67000,91000,107000,194000,210000,121000,195000,294000,366000,425000,481000,528000,650000,595000,592000,397000,261000,218000,218000,,437777.7778,650000,9000,
Albania,Europe & Central Asia,Upper middle income,ALB,"International tourism, number of arrivals",304000,287000,119000,184000,371000,317000,354000,470000,557000,645000,748000,937000,1127000,1420000,1856000,2417000,2932000,3514000,3256000,3673000,4131000,4736000,5118000,5927000,6406000,2658000,4235100,6406000,119000,-58.51%
Andorra,Europe & Central Asia,High income,AND,"International tourism, number of arrivals",,,,,9422000,10991000,11351000,11507000,11601000,11668000,11049000,10737000,10743000,10194000,9112000,8551000,7983000,7900000,7676000,7797000,7850000,8025000,8152000,8328000,8235000,5207000,7715300,11668000,5207000,-36.77%
Argentina,Latin America & Caribbean,Upper middle income,ARG,"International tourism, number of arrivals",2289000,2614000,2764000,3012000,2898000,2909000,2620000,2820000,2995000,3457000,3823000,4173000,4562000,4700000,4308000,6800000,6703000,6497000,6510000,7165000,6816000,6668000,6711000,6942000,7399000,,6823444.444,7399000,2289000,
Armenia,Europe & Central Asia,Upper middle income,ARM,"International tourism, number of arrivals",12000,13000,23000,32000,41000,45000,123000,162000,206000,263000,319000,382000,511000,558000,575000,684000,758000,963000,1084000,1204000,1192000,1260000,1495000,1652000,1894000,375000,1187700,1894000,12000,-80.20%
American Samoa,East Asia & Pacific,Upper middle income,ASM,"International tourism, number of arrivals",34000,35000,26000,36000,41000,44000,36000,,,,24500,25299.99924,24100.00038,24299.99924,23500,23100.00038,22600.00038,22600.00038,20799.99924,21600.00038,20299.99924,20100.00038,20000,20200.00076,19200.00076,899.9999762,18830.00015,44000,899.9999762,-95.31%
Antigua and Barbuda,Latin America & Caribbean,High income,ATG,"International tourism, number of arrivals",447000,498000,526000,570000,560000,634000,624000,528000,623000,769000,712000,838000,935000,863000,944000,788000,848000,819000,777000,771000,894000,874000,1040000,1064000,1035000,384500,850650,1064000,384500,-62.85%
Australia,East Asia & Pacific,High income,AUS,"International tourism, number of arrivals",3726000,4165000,4318000,4167000,4459000,4931000,4856000,4841000,4746000,5215000,5499000,5532000,5644000,5586000,5490000,5790000,5771000,6032000,6482000,6922000,7449000,8269000,8815000,9246000,9466000,1828000,7028000,9466000,1828000,-80.69%
Austria,Europe & Central Asia,High income,AUT,"International tourism, number of arrivals",17173000,17090000,16647000,17352000,17467000,17982000,18180000,18611000,19078000,19374000,19952000,20269000,20773000,21935000,21355000,22004000,23012000,24151000,24813000,25291000,26728000,28121000,29460000,30816000,31884000,15091000,25936700,31884000,15091000,-52.67%
Azerbaijan,Europe & Central Asia,Upper middle income,AZE,"International tourism, number of arrivals",93000,210000,306000,483000,602000,681000,767000,834000,1038000,1279000,1177000,1194000,1333000,1899000,1830000,1963000,2239000,2484000,2509000,2298000,2006000,2249000,2697000,2850000,3170000,796000,2329800,3170000,93000,-74.89%
Burundi,Sub-Saharan Africa,Low income,BDI,"International tourism, number of arrivals",34000,27000,11000,15000,26000,29000,36000,74000,74000,133000,148000,214000,192000,202000,212000,142000,144000,147000,234000,235000,131000,187000,299000,,,,196714.2857,299000,11000,
Belgium,Europe & Central Asia,High income,BEL,"International tourism, number of arrivals",5560000,5829000,6037000,6179000,6369000,6457000,6452000,6720000,6690000,6710000,6747000,6995000,7045000,7165000,6815000,7186000,7494000,7560000,7684000,7887000,8355000,7481000,8385000,9119000,9343000,2584000,7589200,9343000,2584000,-72.34%
Benin,Sub-Saharan Africa,Lower middle income,BEN,"International tourism, number of arrivals",580000,516000,541000,575000,941000,1068000,1155000,853000,850000,845000,960000,975000,1010000,1027000,,,222000,232000,252000,265000,279000,292000,307000,322000,337000,,278666.6667,1155000,222000,
Burkina Faso,Sub-Saharan Africa,Low income,BFA,"International tourism, number of arrivals",124000,131000,138000,160000,117000,126000,128000,150000,163000,222000,245000,264000,289000,272000,269000,274000,238000,237000,218000,191000,163000,152000,143000,144000,143000,67000,169600,289000,67000,-53.15%
Bangladesh,South Asia,Lower middle income,BGD,"International tourism, number of arrivals",156000,166000,182000,172000,173000,199000,207000,207000,245000,271000,208000,200000,289000,467000,267000,139000,157000,160000,104000,134000,126000,182000,237000,267000,323000,,187777.7778,467000,104000,
Bulgaria,Europe & Central Asia,Upper middle income,BGR,"International tourism, number of arrivals",8005000,6811000,7543000,5240000,5056000,4922000,5104000,5563000,6241000,6982000,7282000,7499000,7726000,8533000,7873000,8374000,8713000,8867000,9192000,9409000,9317000,10604000,11596000,12368000,12552000,4973000,9759100,12552000,4922000,-60.38%
Bahrain,Middle East & North Africa,High income,BHR,"International tourism, number of arrivals",2311000,1988000,2600000,2898000,3280000,3869000,4388000,4831000,4844000,5667000,6313000,7289000,7833000,8631000,8861000,11952000,6732000,8062000,9163000,10452000,9670000,10158000,11374000,12045000,11061000,1909000,9062600,12045000,1909000,-82.74%
The Bahamas ,Latin America & Caribbean,High income,BHS,"International tourism, number of arrivals",3239000,3416000,3446000,3348000,3648000,4204000,4183000,4406000,4594000,5004000,4779000,4731000,4601000,4394000,4645000,5255000,5588000,5940000,6151000,6320000,6112000,6265000,6136000,6622000,7250000,1794500,5817850,7250000,1794500,-75.25%
Bosnia and Herzegovina,Europe & Central Asia,Upper middle income,BIH,"International tourism, number of arrivals",,,115000,148000,147000,171000,139000,160000,165000,190000,217000,256000,306000,322000,311000,365000,392000,439000,529000,536000,678000,778000,923000,1053000,1198000,197000,672300,1198000,115000,-83.56%
Belarus,Europe & Central Asia,Upper middle income,BLR,"International tourism, number of arrivals",,,,,,2030000,1852000,1907000,1729000,1816000,4738000,5276000,5283000,5262000,4872000,5674000,5877000,6130000,6242000,5375000,4386000,10935000,11060000,11502000,11832000,3598000,7693700,11832000,1729000,-69.59%
Belize,Latin America & Caribbean,Upper middle income,BLZ,"International tourism, number of arrivals",342000,349000,305000,300000,340000,374000,385000,694000,999000,1329000,1037000,903000,880000,846000,941000,1054000,1106000,1028000,1022000,1289000,1299000,1391000,1441000,1697000,1674000,487000,1243400,1697000,300000,-70.91%
Bermuda,North America,High income,BMU,"International tourism, number of arrivals",557000,570000,562000,558000,549000,539000,458000,484000,483000,478000,517000,635000,660000,550000,554000,580000,652000,610000,576000,580000,597000,642000,688000,766000,805000,51400.00153,596740.0002,805000,51400.00153,-93.61%
Bolivia,Latin America & Caribbean,Lower middle income,BOL,"International tourism, number of arrivals",284000,313000,355000,387000,342000,319000,316000,334000,427000,480000,524000,521000,573000,594000,599000,679000,711000,798000,798000,871000,882000,961000,1109000,1142000,1239000,323299.9878,883429.9988,1239000,284000,-73.91%
Brazil,Latin America & Caribbean,Upper middle income,BRA,"International tourism, number of arrivals",1991000,2666000,2850000,4818000,5107000,5313000,4773000,3785000,4133000,4794000,5358000,5017000,5026000,5050000,4802000,5161000,5433000,5677000,5813000,6430000,6306000,6547000,6589000,6621000,6353000,,6196555.556,6621000,1991000,
Barbados,Latin America & Caribbean,High income,BRB,"International tourism, number of arrivals",927000,957000,990000,1019000,947000,1078000,1035000,1021000,1090000,1273000,1111000,1102000,1191000,1165000,1154000,1197000,1187000,1053000,1079000,1079000,1179000,1227000,1345000,1356000,966000,,1163444.444,1356000,927000,
Brunei Darussalam,East Asia & Pacific,High income,BRN,"International tourism, number of arrivals",498000,837000,643000,964000,967000,984000,840000,891000,944000,,815000,836000,877000,,,,,,,,,4257000,4316000,4521000,4449000,1071000,3722800,4521000,498000,-75.93%
Bhutan,South Asia,Lower middle income,BTN,"International tourism, number of arrivals",4800.000191,5199.999809,5400.000095,6199.999809,7199.999809,7599.999905,6400.000095,5599.999905,6300.000191,9199.999809,13600.00038,17299.99924,21000,28000,23000,41000,66000,105000,116000,133000,155000,210000,255000,274000,316000,29799.99924,165979.9999,316000,4800.000191,-90.57%
Botswana,Sub-Saharan Africa,Upper middle income,BWA,"International tourism, number of arrivals",636000,656000,765000,940000,1039000,1306000,1451000,1485000,1592000,1727000,1684000,1642000,1965000,2344000,,,,,,,1660000,1712000,1775000,1830000,,,1744250,2344000,636000,
Central African Republic,Sub-Saharan Africa,Low income,CAF,"International tourism, number of arrivals",26000,21000,17000,7500,10000,11199.99981,9899.999619,2900.000095,5699.999809,8199.999809,12000,13800.00019,17100.00038,30600.00038,52400.00153,53799.99924,65400.00153,70800.00305,83500,95699.99695,120500,82000,107000,109000,87000,,91211.11128,120500,2900.000095,
Canada,North America,High income,CAN,"International tourism, number of arrivals",41657000,43256000,45076000,48064000,49055000,48638000,47147000,44896000,38903000,38845000,36160000,33390000,30373000,27370000,24696000,25621000,25066000,25318000,25167000,25558000,27555000,30142000,31081000,31274000,32430000,,28176777.78,49055000,24696000,
Switzerland,Europe & Central Asia,High income,CHE,"International tourism, number of arrivals",6946000,6730000,7039000,7185000,7154000,7821000,7455000,6868000,6530000,,7229000,7863000,8448000,8608000,8294000,8628000,8534000,8566000,8967000,9158000,9305000,10402000,11133000,11715000,11818000,,9955333.333,11818000,6530000,
Chile,Latin America & Caribbean,High income,CHL,"International tourism, number of arrivals",,,,,,,,,,,,,,3713000,3657000,3584000,3963000,4397000,4457000,4601000,5487000,6712000,7621000,6603000,5431000,,5474666.667,7621000,3584000,
China,East Asia & Pacific,Upper middle income,CHN,"International tourism, number of arrivals",46387000,51128000,57588000,63478000,72796000,83444000,89013000,97908000,91662000,109038000,120292000,124942000,131873000,130027000,126476000,133762000,135423000,132405000,129078000,128499000,133820000,141774000,153260000,158606000,162538000,30402000,130580500,162538000,30402000,-81.30%
Cote d'Ivoire,Sub-Saharan Africa,Lower middle income,CIV,"International tourism, number of arrivals",188000,237000,274000,301000,,,,,,,,,182000,205000,231000,252000,270000,289000,380000,471000,1441000,1583000,1800000,1965000,2070000,668000,1093700,2070000,182000,-67.73%
Cameroon,Sub-Saharan Africa,Lower middle income,CMR,"International tourism, number of arrivals",,,,,,,,,,,,451000,477000,487000,498000,573000,604000,817000,783000,822000,897000,994000,1081000,997000,1021000,,890666.6667,1081000,451000,
"Congo, Dem. Rep.",Sub-Saharan Africa,Low income,COD,"International tourism, number of arrivals",35000,37000,30000,53000,80000,103000,55000,28000,35000,36000,61000,55000,47000,50000,53000,81000,186000,167000,191000,334000,354000,351000,,,,,263833.3333,354000,28000,
Colombia,Latin America & Caribbean,Upper middle income,COL,"International tourism, number of arrivals",1433000,751000,758000,823000,725000,707000,788000,661000,668000,840000,981000,2096000,2381000,2545000,2649000,1701000,2356000,2434000,2595000,2866000,3371000,3675000,4056000,4397000,4531000,1396000,3167700,4531000,661000,-69.19%
Comoros,Sub-Saharan Africa,Lower middle income,COM,"International tourism, number of arrivals",23000,24000,26000,27000,24000,24000,19399.99962,18899.99962,20600.00038,23299.99924,25899.99962,28500,15199.99981,14800.00019,11300.00019,15300.00019,18799.99924,22799.99924,21899.99962,22799.99924,23600.00038,26799.99924,28000,35900.00153,45099.99847,7000,25269.99969,45099.99847,7000,-84.48%
Cabo Verde,Sub-Saharan Africa,Lower middle income,CPV,"International tourism, number of arrivals",28000,37000,45000,52000,67000,115000,134000,126000,150000,157000,198000,242000,267000,285000,287000,336000,428000,482000,503000,494000,520000,598000,668000,710000,758000,180000,534100,758000,28000,-76.25%
Costa Rica,Latin America & Caribbean,Upper middle income,CRI,"International tourism, number of arrivals",924000,940000,1013000,1167000,1267000,1278000,1320000,1335000,1514000,1771000,1959000,2071000,2302000,2409000,2309000,2495000,2526000,2542000,2641000,2760000,2899000,3204000,3231000,3313000,3366000,1146500,2762850,3366000,924000,-65.94%
Cuba,Latin America & Caribbean,Upper middle income,CUB,"International tourism, number of arrivals",745000,1004000,1170000,1416000,1603000,1774000,1775000,1686000,1906000,2049000,2319000,2221000,2152000,2348000,2430000,2532000,2716000,2847000,2862000,3014000,3540000,4009000,4654000,4712000,4276000,1086000,3371600,4712000,745000,-74.60%
Curacao,Latin America & Caribbean,High income,CUW,"International tourism, number of arrivals",396000,387000,422000,437000,433000,514000,519000,545000,508000,452000,510000,572000,664000,773000,808000,762000,837000,908000,1071000,1129000,1072000,944000,1058000,1210000,1293000,,1058000,1293000,387000,
Cayman Islands,Latin America & Caribbean,High income,CYM,"International tourism, number of arrivals",1044000,1173000,1248000,1275000,1431000,1385000,1549000,1878000,2113000,1953000,1967000,2197000,2008000,1856000,1792000,1886000,1710000,1829000,1721000,1993000,2102000,2097000,2147000,2384000,2334000,660000,1897700,2384000,660000,-71.72%
Cyprus,Europe & Central Asia,High income,CYP,"International tourism, number of arrivals",2253000,2089000,2194000,2357000,2578000,2912000,2841000,2495000,2416000,2478000,2657000,2629000,2671000,2631000,2370000,2450000,2626000,2635000,2626000,2558000,2780000,3286000,3750000,4024000,4117000,,3155777.778,4117000,2089000,
Czechia,Europe & Central Asia,High income,CZE,"International tourism, number of arrivals",,,,,,,,,20108000,23808000,24747000,25102000,22625000,21850000,23285000,21941000,22810000,25750000,26332000,27166000,29604000,32519000,34701000,36268000,37202000,,30261333.33,37202000,20108000,
Germany,Europe & Central Asia,High income,DEU,"International tourism, number of arrivals",14847000,15205000,15837000,16511000,17116000,18983000,17861000,17969000,18399000,20137000,21500000,23569000,24421000,24884000,24220000,26875000,28374000,30411000,31545000,32999000,34970000,35555000,37452000,38881000,39563000,12449000,32219900,39563000,12449000,-68.53%
Djibouti,Middle East & North Africa,Lower middle income,DJI,"International tourism, number of arrivals",21000,20000,20000,21000,21000,20100.00038,21600.00038,22500,23200.00076,26299.99924,30200.00076,39500,40000,54000,58000,51000,56000,60000,63000,,,,,,,,59666.66667,63000,20000,
Dominica,Latin America & Caribbean,Upper middle income,DMA,"International tourism, number of arrivals",203000,261000,299000,312000,280000,312000,276000,208000,254000,466000,381000,465000,437000,468000,608000,595000,418000,348000,311000,370000,358000,356000,230000,199000,322000,140000,305200,608000,140000,-56.52%
Denmark,Europe & Central Asia,High income,DNK,"International tourism, number of arrivals",,,,,,,,,21119000,22054000,26927000,26936000,27138000,26870000,26571000,26730000,25811000,26402000,26516000,28070000,28209000,28692000,30736000,30801000,33093000,15595000,27392500,33093000,15595000,-52.88%
Dominican Republic,Latin America & Caribbean,Upper middle income,DOM,"International tourism, number of arrivals",1806000,2037000,2482000,2702000,2932000,3161000,3090000,3058000,3680000,3907000,3981000,4268000,4365000,4455000,4489000,4478000,4654000,4901000,5114000,5576000,6129000,6769000,7296000,7551000,7550000,2748000,5828800,7551000,1806000,-63.60%
Algeria,Middle East & North Africa,Lower middle income,DZA,"International tourism, number of arrivals",520000,605000,635000,678000,749000,866000,901000,988000,1166000,1234000,1443000,1638000,1743000,1772000,1912000,2070000,2395000,2634000,2733000,2301000,1710000,2039000,2451000,2657000,2371000,591000,2188200,2733000,520000,-75.07%
Ecuador,Latin America & Caribbean,Upper middle income,ECU,"International tourism, number of arrivals",440000,494000,529000,511000,518000,627000,641000,683000,761000,819000,860000,841000,937000,1005000,968000,1047000,1141000,1272000,1364000,1695000,1676000,1569000,1806000,2535000,2108000,,1685111.111,2535000,440000,
"Egypt, Arab Rep.",Middle East & North Africa,Lower middle income,EGY,"International tourism, number of arrivals",3133000,3896000,3961000,3454000,4797000,5506000,4648000,5192000,6044000,8104000,8608000,9083000,11091000,12835000,12536000,14731000,9845000,11532000,9464000,9878000,9328000,5399000,8292000,11346000,13026000,,9790000,14731000,3133000,
Eritrea,Sub-Saharan Africa,Low income,ERI,"International tourism, number of arrivals",315000,417000,410000,188000,57000,70000,113000,101000,80000,87000,83000,78000,81000,70000,79000,84000,107000,129000,141000,119000,114000,142000,,,,,125333.3333,417000,57000,
Spain,Europe & Central Asia,High income,ESP,"International tourism, number of arrivals",52460000,55077000,62415000,68068000,72040000,74580000,75564000,79313000,82326000,85981000,92563000,96152000,98907000,97670000,91899000,93744000,99187000,98128000,103231000,107144000,109834000,115561000,121717000,124456000,126170000,36410000,104183800,126170000,36410000,-71.14%
Estonia,Europe & Central Asia,High income,EST,"International tourism, number of arrivals",2111000,2444000,2618000,2909000,3181000,3310000,3230000,3253000,3378000,,,,,3828000,3834000,4369000,4907000,5007000,5737000,5804000,5696000,5942000,6145000,6033000,6103000,1695000,5306900,6145000,1695000,-72.23%
Ethiopia,Sub-Saharan Africa,Low income,ETH,"International tourism, number of arrivals",103000,109000,139000,112000,115000,136000,148000,156000,180000,184000,227000,330000,358000,383000,427000,468000,523000,597000,681000,770000,864000,871000,933000,849000,812000,518000,741800,933000,103000,-36.21%
Finland,Europe & Central Asia,High income,FIN,"International tourism, number of arrivals",1779000,1724000,1832000,2644000,2454000,2714000,2826000,2875000,2601000,2840000,3140000,3375000,3519000,3583000,3423000,3670000,4192000,4226000,2797000,2731000,2622000,2789000,3180000,3224000,3290000,896000,2994700,4226000,896000,-72.77%
Fiji,East Asia & Pacific,Upper middle income,FJI,"International tourism, number of arrivals",476000,534000,547000,499000,544000,434000,446000,461000,451000,513000,547000,,542000,627000,605000,692000,734000,741000,769000,781000,869000,963000,1027000,1058000,969000,168000,807900,1058000,168000,-82.66%
France,Europe & Central Asia,High income,FRA,"International tourism, number of arrivals",,148263000,157551000,,,,,,,190282000,185829000,193882000,193319000,193571000,192369000,189826000,196595000,197522000,204410000,206599000,203302000,203042000,207274000,211998000,217877000,117109000,196572800,217877000,117109000,-46.25%
"Micronesia, Fed. Sts.",East Asia & Pacific,Lower middle income,FSM,"International tourism, number of arrivals",,17600.00038,17200.00076,13399.99962,16100.00038,20500,15300.00019,19100.00038,18200.00076,19299.99924,19000,19100.00038,21100.00038,25700.00076,47500,44700.00076,35400.00153,38299.99924,42099.99847,35400.00153,31200.00076,29600.00038,,19200.00076,18000,,31150.00033,47500,13399.99962,
Gabon,Sub-Saharan Africa,Upper middle income,GAB,"International tourism, number of arrivals",203000,217000,247000,274000,262000,230000,236000,269000,234000,351000,526000,,,,,,,,,,,,,,,,,526000,203000,
United Kingdom,Europe & Central Asia,High income,GBR,"International tourism, number of arrivals",23537000,25163000,25515000,25745000,25394000,25209000,22835000,24180000,24715000,27755000,29970000,32713000,32778000,31888000,31072000,30398000,31886000,32221000,33567000,35337000,36792000,39129000,41080000,40283000,40857000,11101000,34225300,41080000,11101000,-72.83%
Georgia,Europe & Central Asia,Upper middle income,GEO,"International tourism, number of arrivals",85000,117000,313000,317000,384000,387000,302000,298000,313000,368000,560000,983000,1052000,1290000,1500000,2032000,2712000,4106000,4954000,5004000,5256000,5393000,6483000,7203000,7726000,1513000,5035000,7726000,85000,-80.42%
Ghana,Sub-Saharan Africa,Lower middle income,GHA,"International tourism, number of arrivals",286000,305000,325000,348000,373000,399000,439000,483000,531000,584000,429000,497000,587000,698000,803000,931000,821000,903000,994000,825000,897000,,,,,,888000,994000,286000,
Guinea,Sub-Saharan Africa,Low income,GIN,"International tourism, number of arrivals",,12000,17000,23000,27000,33000,38000,43000,44000,45000,45000,46099.99847,30000,24000,,12399.99962,131000,96000,56000,33000,35000,63000,99000,,,,73285.71429,131000,12000,
The Gambia,Sub-Saharan Africa,Low income,GMB,"International tourism, number of arrivals",45000,77000,85000,91000,96000,79000,57000,81000,89000,90000,108000,125000,143000,147000,142000,91000,106000,157000,171000,156000,449000,450000,522000,552000,620000,246000,342900,620000,45000,-60.32%
Guinea-Bissau,Sub-Saharan Africa,Low income,GNB,"International tourism, number of arrivals",,,,,,,7800.000191,,,,5000,11600.00038,15600.00038,18000,16000,22299.99924,36700.00076,35400.00153,35500,36099.99847,43799.99924,45200.00076,49500,55000,52400.00153,,43288.88914,55000,5000,
Greece,Europe & Central Asia,High income,GRC,"International tourism, number of arrivals",10712000,9782000,10588000,11364000,12606000,13567000,14678000,14918000,14785000,14268000,15938000,17284000,,,,,,,20112000,24272000,26114000,28071000,30161000,33072000,34005000,7406000,25401625,34005000,7406000,-78.22%
Grenada,Latin America & Caribbean,Upper middle income,GRD,"International tourism, number of arrivals",369000,386000,368000,392000,379000,316000,277000,271000,294000,370000,380000,342000,406000,428000,460000,445000,447000,370000,327000,387000,437000,474000,468000,529000,526000,217000,418200,529000,217000,-58.75%
Guatemala,Latin America & Caribbean,Upper middle income,GTM,"International tourism, number of arrivals",563000,520000,576000,636000,823000,826000,835000,884000,880000,1182000,1316000,1502000,1628000,1715000,1311000,1384000,1434000,1491000,1516000,1739000,1865000,1906000,2120000,2406000,2560000,594000,1763100,2560000,520000,-76.80%
Guam,East Asia & Pacific,High income,GUM,"International tourism, number of arrivals",1362000,1373000,1382000,1137000,1162000,1287000,1159000,1059000,910000,1160000,1228000,1212000,1225000,1142000,1053000,1197000,1160000,1308000,1334000,1343000,1409000,1536000,1545000,1549000,1667000,328000,1317900,1667000,328000,-80.32%
Guyana,Latin America & Caribbean,Upper middle income,GUY,"International tourism, number of arrivals",106000,92000,76000,66000,75000,105000,99000,104000,101000,122000,117000,113000,134000,130000,141000,152000,157000,177000,200000,206000,207000,235000,247000,287000,315000,86400.00153,211740.0002,315000,66000,-72.57%
"Hong Kong SAR, China",East Asia & Pacific,High income,HKG,"International tourism, number of arrivals",10200000,12974000,11273000,10160000,11328000,13059000,13725000,16566000,15537000,21811000,23359000,25251000,28169000,29507000,29591000,36030000,41921000,48615000,54299000,60839000,59308000,56655000,58472000,65148000,55913000,3569000,50473900,65148000,3569000,-93.62%
Honduras,Latin America & Caribbean,Lower middle income,HND,"International tourism, number of arrivals",,271000,310000,324000,428000,689000,672000,788000,887000,1026000,1118000,1136000,1309000,1561000,1589000,1965000,1852000,1903000,1857000,2082000,2093000,2228000,2144000,2323000,2315000,669000,1946600,2323000,271000,-71.10%
Croatia,Europe & Central Asia,High income,HRV,"International tourism, number of arrivals",16100000,19085000,23660000,25499000,29215000,37226000,40129000,41737000,42857000,44974000,45762000,47733000,52271000,51336000,47573000,49006000,49969000,47185000,48345000,51168000,55858000,57587000,59238000,57668000,60021000,21608000,50864700,60021000,16100000,-64.00%
Haiti,Latin America & Caribbean,Lower middle income,HTI,"International tourism, number of arrivals",370000,400000,387000,393000,386000,445000,499000,482000,518000,385000,480000,558000,868000,758000,826000,793000,946000,959000,1064000,1127599.976,1190000,1153000,1262000,1333000,938000,,1108066.664,1333000,370000,
Hungary,Europe & Central Asia,High income,HUN,"International tourism, number of arrivals",39240000,39833000,37315000,33624000,28803000,31141000,30679000,31739000,31412000,33934000,36173000,38318000,39379000,39554000,40624000,39904000,41304000,43565000,43611000,45984000,48345000,52890000,54962000,57667000,61397000,31641000,48136600,61397000,28803000,-48.46%
Indonesia,East Asia & Pacific,Lower middle income,IDN,"International tourism, number of arrivals",4324000,5034000,5185000,4606000,4728000,5064000,5153000,5033000,4467000,5321000,5002000,4871000,5506000,6234000,6324000,7003000,7650000,8044000,8802000,9435000,10407000,11519000,14040000,15810000,16107000,4053000,10586700,16107000,4053000,-74.84%
India,South Asia,Lower middle income,IND,"International tourism, number of arrivals",2124000,2288000,2374000,2359000,2482000,2649000,2537000,2384000,2726000,3457000,3919000,4447000,5082000,5283000,5168000,5776000,6309000,6578000,6968000,13107000,13284000,14570000,15543000,17423000,17914000,,12410666.67,17914000,2124000,
Ireland,Europe & Central Asia,High income,IRL,"International tourism, number of arrivals",4818000,5289000,5587000,6064000,6403000,6646000,6353000,6476000,6764000,6953000,7333000,8001000,8332000,8026000,7189000,7134000,7630000,7550000,8260000,8813000,9528000,10100000,10338000,10926000,10951000,,9344000,10951000,4818000,
"Iran, Islamic Rep.",Middle East & North Africa,Lower middle income,IRN,"International tourism, number of arrivals",452000,573000,764000,1008000,1321000,1342000,1402000,1585000,1546000,1659000,1889000,2735000,2219000,2034000,2116000,2938000,3354000,3834000,4769000,4968000,5237000,4942000,4867000,7295000,9107000,1550000,4992300,9107000,452000,-82.98%
Iraq,Middle East & North Africa,Upper middle income,IRQ,"International tourism, number of arrivals",61000,51000,15000,45000,30000,78000,127000,,,,,,,864000,1262000,1518000,1510000,1111000,892000,,,,,,,,1171000,1518000,15000,
Iceland,Europe & Central Asia,High income,ISL,"International tourism, number of arrivals",211000,223000,223000,255000,281000,328000,329000,315000,348000,405000,429000,477000,539000,561000,563000,559000,628000,765000,900000,1102000,1389000,1891000,2353000,2488000,2202000,488000,1420600,2488000,211000,-77.84%
Israel,Middle East & North Africa,High income,ISR,"International tourism, number of arrivals",2530000,2360000,2295000,2200000,2566000,2672000,1219000,862099.9756,,1505800.049,1916000,1834000,2294000,3034000,2740000,3444000,3362000,3520000,3540000,3251000,3109000,3070000,3863000,4389000,4905000,,3667666.667,4905000,862099.9756,
Italy,Europe & Central Asia,High income,ITA,"International tourism, number of arrivals",55706000,59805000,57998000,58499000,59521000,62702000,60960000,63561000,63026000,58480000,59230000,66353000,70271000,70719000,71692000,73225000,75866000,76293000,76762000,77694000,81068000,84925000,89931000,93228601.56,95399000,38419000,78958560.16,95399000,38419000,-59.73%
Jamaica,Latin America & Caribbean,Upper middle income,JAM,"International tourism, number of arrivals",1752000,1821000,1904000,1899000,2013000,2230000,2117000,2131000,2483000,2515000,2615000,3016000,2880000,2859000,2753000,2832000,3077000,3306000,3274000,3504000,3692000,3837000,4276000,4319000,4233000,1329699.951,3484769.995,4319000,1329699.951,-68.59%
Jordan,Middle East & North Africa,Upper middle income,JOR,"International tourism, number of arrivals",3277000,3164000,3068000,3438000,3231000,2700000,3034000,4677000,4600000,5587000,5817000,6573000,6529000,7100000,7085000,8078000,6813000,6314000,5389000,5327000,4809000,4236000,4565000,4922000,5361000,1240000,4897600,8078000,1240000,-76.87%
Japan,East Asia & Pacific,High income,JPN,"International tourism, number of arrivals",3345000,3837000,4218000,4106000,4438000,4757000,4772000,5239000,5212000,6138000,6728000,7334000,8347000,8351000,6790000,8611000,6219000,8358000,10364000,13413000,19737000,24039000,28691000,31191000,31881000,4115799.805,17800879.98,31881000,3345000,-87.09%
Kazakhstan,Europe & Central Asia,Upper middle income,KAZ,"International tourism, number of arrivals",,202000,284000,257000,394000,1683000,2693000,3678000,3237000,4291000,4365000,4707000,5311000,4117000,3774000,4097000,5685000,6163000,6841000,6333000,6430000,6509000,7701000,8789000,8515000,2035000,6500100,8789000,202000,-76.10%
Kenya,Sub-Saharan Africa,Lower middle income,KEN,"International tourism, number of arrivals",974000,1003000,1001000,894000,969000,1037000,994000,1001000,1146000,1361000,1479000,1601000,1817000,1203000,1490000,1609000,1823000,1711000,1520000,1350000,1181000,1340000,1449000,2025000,2049000,,1605333.333,2049000,894000,
Kyrgyz Republic,Europe & Central Asia,Lower middle income,KGZ,"International tourism, number of arrivals",,,,290000,165000,173000,199000,183000,342000,398000,319000,766000,1656000,2379000,2451000,1224000,3025000,3393000,4134000,3791000,4000000,3853000,4568000,6947000,8508000,,4691000,8508000,165000,
Cambodia,East Asia & Pacific,Lower middle income,KHM,"International tourism, number of arrivals",220000,260000,219000,287000,368000,466000,605000,787000,701000,1055000,1422000,1700000,2015000,2125000,2162000,2508000,2882000,3584000,4210000,4503000,4775000,5012000,5602000,6201000,6611000,1306000,4468600,6611000,219000,-80.25%
Kiribati,East Asia & Pacific,Lower middle income,KIR,"International tourism, number of arrivals",,,,,20299.99924,13399.99962,14500,119500,130100.0061,63900.00153,50200.00076,10800.00019,32299.99924,,,,,,,8300.000191,8199.999809,7599.999905,7500,9000,12000,,8766.666651,130100.0061,7500,
St. Kitts and Nevis,Latin America & Caribbean,High income,KNA,"International tourism, number of arrivals",203000,172000,194000,250000,226000,247000,334000,240000,247000,383000,365000,350000,379000,533000,548000,624000,723000,666000,695000,818000,1036000,1055000,1194000,1278000,1107000,301399.9939,887339.9994,1278000,172000,-72.77%
"Korea, Rep.",East Asia & Pacific,High income,KOR,"International tourism, number of arrivals",3753000,3684000,3908000,4250000,4660000,5322000,5147000,5347000,4753000,5818000,6023000,6155000,6448000,6891000,7818000,8798000,9795000,11140000,12176000,14202000,13232000,17242000,13336000,15347000,17503000,2519000,12649200,17503000,2519000,-85.61%
Kuwait,Middle East & North Africa,High income,KWT,"International tourism, number of arrivals",1443000,1565000,1638000,1763000,1884000,1944000,2072000,2316000,2602000,3056000,3474000,3899000,4482000,4736000,5088000,5208000,5574000,5729000,6217000,6528000,6941000,7055000,7407000,8508000,8565000,2161000,6468500,8565000,1443000,-74.77%
Lao PDR,East Asia & Pacific,Lower middle income,LAO,"International tourism, number of arrivals",346000,403000,463000,500000,614000,737000,674000,736000,636000,895000,1095000,1215000,1624000,1737000,2008000,2513000,2724000,3330000,3779000,4159000,4684000,4239000,3869000,4186000,4791000,886400.0244,3664740.002,4791000,346000,-81.50%
Lebanon,Middle East & North Africa,Lower middle income,LBN,"International tourism, number of arrivals",450000,424000,558000,631000,673000,742000,837000,956000,1016000,1278000,1140000,1063000,1017000,1333000,1844000,2168000,1655000,1366000,1274000,1355000,1518000,1688000,1857000,1964000,1936000,,1623666.667,2168000,424000,
Libya,Middle East & North Africa,Upper middle income,LBY,"International tourism, number of arrivals",1832000,1276000,913000,850000,965000,963000,953000,858000,958000,,,125000,106000,760000,,,,,,,,,,,,,,1832000,106000,
St. Lucia,Latin America & Caribbean,Upper middle income,LCA,"International tourism, number of arrivals",407000,422000,563000,629000,666000,727000,747000,648000,683000,791000,720000,670000,905000,925000,982000,984000,950000,889000,921000,987000,1031000,948000,1064000,1165000,1220000,432500,960750,1220000,407000,-64.55%
Liechtenstein,Europe & Central Asia,High income,LIE,"International tourism, number of arrivals",59000,56000,57000,59000,60000,61599.99847,56500,48700.00076,49000,48500,49799.99924,54900.00153,72800.00305,72900.00153,66500,64300.00305,67000,62400.00153,59599.99847,61299.99924,56700.00076,69099.99847,79300.00305,85300.00305,98099.99847,58400.00153,69720.00046,98099.99847,48500,-40.47%
Sri Lanka,South Asia,Lower middle income,LKA,"International tourism, number of arrivals",414000,315000,384000,409000,465000,445000,397000,457000,583000,681000,669000,689000,592000,526000,538000,766000,976000,1133000,1415000,1665000,1993000,2168000,2248000,2521000,2027000,540000,1668600,2521000,315000,-73.36%
Lesotho,Sub-Saharan Africa,Lower middle income,LSO,"International tourism, number of arrivals",209000,312000,313000,290000,308000,302000,295000,287000,329000,304000,304000,357000,300000,293000,344000,426000,398000,423000,433000,1079000,1082000,1196000,1137000,1173000,1142000,,895888.8889,1196000,209000,
Lithuania,Europe & Central Asia,High income,LTU,"International tourism, number of arrivals",2600000,3497000,3702000,4287000,4454000,4092000,4195000,3999000,3635000,,,,4251000,4459000,4001000,4073000,4504000,4979000,5264000,5217000,5048000,5322000,5590000,6115000,6150000,2284000,5047300,6150000,2284000,-62.86%
Luxembourg,Europe & Central Asia,High income,LUX,"International tourism, number of arrivals",768000,724000,778000,789000,863000,852000,836000,885000,867000,878000,913000,908000,914000,877000,847000,805000,874000,950000,945000,1038000,1090000,1054000,1046000,1018000,1041000,525000,958100,1090000,525000,-49.57%
Latvia,Europe & Central Asia,High income,LVA,"International tourism, number of arrivals",1633000,1750000,1842000,1788000,1738000,1882000,2061000,2297000,2524000,3127000,3791000,4649000,5209000,5496000,4727000,5042000,5538000,5569000,5822000,6246000,6842000,6797000,7726000,7775000,8342000,3204000,6386100,8342000,1633000,-61.59%
"Macao SAR, China",East Asia & Pacific,High income,MAC,"International tourism, number of arrivals",7752000,8151000,7000000,6949000,7444000,9162000,10279000,11531000,11888000,16673000,18711000,21998000,27003000,22933000,21753000,24965000,28002000,28082000,29325000,31526000,30715000,30950000,32611000,35804000,39406000,5897000,29231800,39406000,5897000,-85.04%
Morocco,Middle East & North Africa,Lower middle income,MAR,"International tourism, number of arrivals",2752000,2856000,3203000,3267000,4088000,4458000,4596000,4709000,5021000,5732000,6077000,6777000,7701000,8209000,8661000,9752000,9784000,9830000,10349000,10507000,10542000,10677000,11540000,12489000,13109000,2802000,10162900,13109000,2752000,-78.63%
Monaco,Europe & Central Asia,High income,MCO,"International tourism, number of arrivals",233000,226000,259000,278000,278000,300000,270000,263000,235000,250000,286000,313000,328000,324000,265000,279000,295000,292000,328000,329000,331000,336000,355000,347000,363000,159000,313500,363000,159000,-56.20%
Moldova,Europe & Central Asia,Upper middle income,MDA,"International tourism, number of arrivals",32000,29000,21000,19000,14000,18000,16000,18000,21000,69000,67000,63000,70000,73000,60000,64000,75000,89000,95599.99847,93900.00153,94400.00153,121000,145000,160000,174000,29000,107690.0002,174000,14000,-83.33%
Maldives,South Asia,Upper middle income,MDV,"International tourism, number of arrivals",315000,339000,366000,396000,430000,467000,461000,485000,564000,617000,395000,602000,676000,683000,656000,792000,931000,958000,1125000,1205000,1234000,1286000,1390000,1484000,1703000,555000,1187100,1703000,315000,-67.41%
Mexico,Latin America & Caribbean,Upper middle income,MEX,"International tourism, number of arrivals",85446000,90394000,92915000,95214000,99869000,105673000,100718000,100153000,92330000,99250000,103146000,97701000,93582000,92948000,88044000,81953000,75732000,76749000,78100000,81042000,87129000,94853000,99349000,96497000,97406000,51128000,83798500,105673000,51128000,-47.51%
Marshall Islands,East Asia & Pacific,Upper middle income,MHL,"International tourism, number of arrivals",5500,6199.999809,6400.000095,6400.000095,4599.999905,5199.999809,5400.000095,6000,7199.999809,9000,9199.999809,5800.000191,7199.999809,6000,5400.000095,4599.999905,4599.999905,4599.999905,,4900.000095,6300.000191,5400.000095,6000,6800.000191,6099.999905,,5587.500036,9199.999809,4599.999905,
North Macedonia,Europe & Central Asia,Upper middle income,MKD,"International tourism, number of arrivals",147000,136000,121000,157000,181000,224000,99000,123000,158000,165000,197000,202000,230000,255000,259000,262000,327000,351000,400000,425000,486000,510000,631000,707000,758000,118000,471300,758000,99000,-84.43%
Mali,Sub-Saharan Africa,Low income,MLI,"International tourism, number of arrivals",42000,98000,75000,83000,82000,86000,89000,96000,110000,113000,143000,153000,164000,190000,160000,169000,160000,134000,142000,168000,159000,173000,193000,203000,217000,,172111.1111,217000,42000,
Malta,Middle East & North Africa,High income,MLT,"International tourism, number of arrivals",1193000,1123000,1238000,1326000,1402000,1387000,1439000,1483000,1512000,1428000,1484000,1521000,1723000,1832000,1608000,1815000,1916000,2007000,2013000,2162000,2383000,2592000,2944000,3232000,3519000,718000,2348600,3519000,718000,-79.60%
Myanmar,East Asia & Pacific,Lower middle income,MMR,"International tourism, number of arrivals",194000,490000,491000,478000,435000,416000,475000,487000,597000,657000,660000,630000,716000,731000,763000,792000,816000,1059000,2044000,3081000,4681000,2907000,3443000,3551000,4364000,903000,2684900,4681000,194000,-79.31%
Montenegro,Europe & Central Asia,Upper middle income,MNE,"International tourism, number of arrivals",,,,,,,,136000,142000,188000,272000,378000,984000,1031000,1044000,1088000,1201000,1264000,1324000,1350000,1560000,1662000,1877000,2077000,2510000,351000,1517600,2510000,136000,-86.02%
Mongolia,East Asia & Pacific,Lower middle income,MNG,"International tourism, number of arrivals",108000,71000,82000,197000,160000,158000,192000,235000,205000,305000,345000,408000,455000,469000,465000,557000,627000,624000,515000,506000,467000,471000,543000,598000,637000,66900.00153,505490.0002,637000,66900.00153,-89.50%
Northern Mariana Islands,East Asia & Pacific,High income,MNP,"International tourism, number of arrivals",676000,736000,695000,490000,502000,529000,444000,476000,459000,536000,507000,436000,389000,397000,354000,379000,341000,401000,439000,460000,479000,531000,660000,518000,487000,,479555.5556,736000,341000,
Mozambique,Sub-Saharan Africa,Low income,MOZ,"International tourism, number of arrivals",,,,,,,404000,943000,726000,711000,954000,1095000,1259000,1439000,1711000,1836000,2013000,2206000,1970000,1751000,1634000,1715000,1514000,2870000,2033000,,1967333.333,2870000,404000,
Mauritius,Sub-Saharan Africa,Upper middle income,MUS,"International tourism, number of arrivals",437000,509000,558000,579000,600000,678000,675000,709000,721000,739000,782000,807000,933000,970000,890000,956000,983000,984000,1015000,1065000,1174000,1307000,1371000,1431000,1418000,316000,1106400,1431000,316000,-77.72%
Malawi,Sub-Saharan Africa,Low income,MWI,"International tourism, number of arrivals",192000,194000,207000,220000,254000,228000,266000,383000,424000,427000,438000,638000,735000,742000,755000,746000,767000,770000,795000,819000,805000,849000,837000,871000,,,814125,871000,192000,
Malaysia,East Asia & Pacific,Upper middle income,MYS,"International tourism, number of arrivals",7469000,7138000,6211000,5551000,7931000,10222000,12775000,13292000,10577000,15703000,16431000,17547000,20973000,22052000,23646000,24577000,24714000,25033000,25715000,27437000,25721000,26757000,25948000,25832000,26101000,4333000,23759100,27437000,4333000,-83.40%
Namibia,Sub-Saharan Africa,Upper middle income,NAM,"International tourism, number of arrivals",421000,560000,610000,681000,694000,759000,700000,799000,739000,986000,856000,961000,1048000,1079000,1100000,1114000,1163000,1245000,1327000,1429000,1488000,1551000,1581000,1639000,1651000,187100.0061,1326110.001,1651000,187100.0061,-88.67%
New Caledonia,East Asia & Pacific,High income,NCL,"International tourism, number of arrivals",86000,91000,105000,104000,100000,110000,101000,104000,102000,100000,101000,100000,103000,104000,99000,99000,112000,112000,108000,107000,114000,116000,121000,120000,130000,31000,107100,130000,31000,-76.15%
Niger,Sub-Saharan Africa,Low income,NER,"International tourism, number of arrivals",35000,68000,68000,41000,39000,50000,52000,39000,55000,57000,58000,60000,48000,73000,66000,74000,82000,94000,123000,135000,135000,152000,164000,157000,192000,85000,131900,192000,35000,-55.73%
Nigeria,Sub-Saharan Africa,Lower middle income,NGA,"International tourism, number of arrivals",1031000,1230000,1292000,1357000,1425000,1492000,1753000,2046000,2253000,2646000,2778000,3056000,5239000,5820000,6053000,6113000,3765000,4673000,4038000,4803000,6017000,5265000,,,,,4760166.667,6113000,1031000,
Nicaragua,Latin America & Caribbean,Lower middle income,NIC,"International tourism, number of arrivals",341000,388000,453000,483000,530000,581000,584000,579000,646000,735000,804000,891000,978000,1011000,1010000,1071000,1122000,1233000,1273000,1390000,1456000,1596000,1958000,1412000,1455000,474000,1336900,1958000,341000,-67.42%
Netherlands,Europe & Central Asia,High income,NLD,"International tourism, number of arrivals",6574000,6580000,7841000,9312000,9874000,10003000,9500000,9595000,9181000,9646000,10012000,10739000,11008000,10104000,9921000,10883000,11300000,11680000,12783000,13925000,15007000,15828000,17924000,18780000,20129000,7265000,14462100,20129000,6574000,-63.91%
Norway,Europe & Central Asia,High income,NOR,"International tourism, number of arrivals",2880000,2746000,2702000,3256000,3223000,3104000,3073000,3111000,3269000,3628000,3824000,4070000,4377000,4347000,4346000,4767000,4963000,4538000,4778000,4855000,5361000,5960000,6252000,5688000,5879000,1397000,4967100,6252000,1397000,-76.24%
Nepal,South Asia,Lower middle income,NPL,"International tourism, number of arrivals",363000,394000,422000,464000,492000,464000,361000,275000,338000,385000,375000,384000,527000,500000,510000,603000,736000,803000,798000,790000,539000,753000,940000,1173000,1197000,230000,795900,1197000,230000,-80.79%
New Zealand,East Asia & Pacific,High income,NZL,"International tourism, number of arrivals",1409000,1529000,1497000,1485000,1607000,1787000,1909000,2045000,2104000,2334000,2366000,2409000,2455000,2483000,2473000,2530000,2617000,2574000,2710000,2854000,3129000,3494000,3723000,3858000,3888000,996000,2984300,3888000,996000,-74.38%
Oman,Middle East & North Africa,High income,OMN,"International tourism, number of arrivals",,,,,,,1095000,1112000,1210000,1407000,1101000,1385000,1360000,1540000,1584000,1500000,1393000,1714000,1923000,2225000,2634000,3207000,3178000,3242000,3506000,869000,2389100,3506000,869000,-75.21%
Pakistan,South Asia,Lower middle income,PAK,"International tourism, number of arrivals",378000,369000,375000,429000,432000,557000,500000,498000,501000,648000,798000,898000,840000,823000,855000,907000,1161000,966000,,,,,,,,,1063500,1161000,369000,
Panama,Latin America & Caribbean,High income,PAN,"International tourism, number of arrivals",417000,443000,504000,529000,555000,600000,737000,800000,897000,1004000,1070000,1215000,1428000,1575000,1562000,1726000,2004000,2086000,2202000,2305000,2553000,2379000,2517000,2487000,2494000,647000,2167400,2553000,417000,-74.06%
Peru,Latin America & Caribbean,Upper middle income,PER,"International tourism, number of arrivals",,,,,,,,,,1650000,1938000,2227000,2451000,2581000,2681000,2948000,3299000,3642000,4010000,4062000,4381000,4718000,4992000,5384000,5275000,1119000,4088200,5384000,1119000,-78.79%
Philippines,East Asia & Pacific,Lower middle income,PHL,"International tourism, number of arrivals",1760000,2049000,2223000,2149000,2171000,1992000,1797000,1933000,1907000,2291000,2623000,2843000,3092000,3139000,3017000,3520000,3917000,4273000,4681000,4833000,5361000,5967000,6621000,7168000,8261000,1483000,5256500,8261000,1483000,-82.05%
Palau,East Asia & Pacific,Upper middle income,PLW,"International tourism, number of arrivals",53000,69000,74000,64000,55000,58000,54000,59000,63000,89000,81000,82000,88000,81000,71000,85000,111000,120000,108000,140000,162000,138000,123000,106000,94000,18399.99962,112040,162000,18399.99962,-80.43%
Papua New Guinea,East Asia & Pacific,Lower middle income,PNG,"International tourism, number of arrivals",,,,,,,,,,,,,,120000,126000,146000,165000,175000,182000,191000,199000,198000,182000,195000,211000,39000,173700,211000,39000,-81.52%
Poland,Europe & Central Asia,High income,POL,"International tourism, number of arrivals",82244000,87439000,87817000,88592000,89118000,84515000,61431000,50735000,52130000,61918000,64606000,65115000,66208000,59935000,53840000,58340000,60745000,67390000,72310000,73750000,77743000,80476000,83804000,85946000,88515000,,76742111.11,89118000,50735000,
Puerto Rico,Latin America & Caribbean,High income,PRI,"International tourism, number of arrivals",4087000,4110000,4350000,4671000,4221000,4566000,4908000,4364000,4402000,4889000,5073000,5022000,5062000,5213000,4415000,4379000,4214000,4197000,4210000,4456000,5051000,5003000,4927000,4260000,4931000,3882000,4513100,5213000,3882000,-21.27%
Portugal,Europe & Central Asia,High income,PRT,"International tourism, number of arrivals",9511000,9730000,10172000,11295000,11632000,12097000,12167000,11644000,11707000,10639000,10612000,11282000,6788000,6962000,6439000,6756000,7264000,7503000,9177000,10497000,11723000,13359000,15432000,16186000,17283000,4208000,11263200,17283000,4208000,-75.65%
Paraguay,Latin America & Caribbean,Upper middle income,PRY,"International tourism, number of arrivals",15678000,12868000,10955000,9818000,6569000,3924000,3550000,3194000,2859000,2589000,2648000,2830000,3005000,3118000,3183000,3171000,3365000,3655000,3538000,3455000,4102000,4318000,4744000,4183000,4368000,1077000,3680500,15678000,1077000,-75.34%
West Bank and Gaza,Middle East & North Africa,Lower middle income,PSE,"International tourism, number of arrivals",,220000,210000,200000,300000,310000,43000,33000,37000,56000,88000,123000,264000,387000,396000,522000,449000,490000,545000,556000,432000,400000,503000,606000,688000,93000,476200,688000,33000,-86.48%
French Polynesia,East Asia & Pacific,High income,PYF,"International tourism, number of arrivals",186000,184000,201000,211000,236000,,,,,,,,243000,227000,190000,179000,196000,210000,214000,228000,239000,241000,254000,264000,300000,89400.00153,223540.0002,300000,89400.00153,-70.20%
Qatar,Middle East & North Africa,High income,QAT,"International tourism, number of arrivals",,,,,,,,,,,,,,,1482000,1700000,2057000,2324000,2612000,2839000,2941000,2938000,2256000,1819000,2136500,582000,2250450,2941000,582000,-72.76%
Romania,Europe & Central Asia,High income,ROU,"International tourism, number of arrivals",5445000,5205000,5149000,4831000,5224000,5264000,4938000,4794000,5595000,6600000,5839000,6037000,7722000,8862000,7575000,7498000,7611000,7937000,8019000,8442000,9331000,10223000,10926000,11720000,12815000,5023000,9204700,12815000,4794000,-60.80%
Russian Federation,Europe & Central Asia,Upper middle income,RUS,"International tourism, number of arrivals",10290000,16208000,17463000,16188000,18820000,21169000,21595000,23309000,22521000,22064000,22201000,22486000,22909000,23676000,21339000,22281000,24932000,28177000,30792000,32421000,33729000,24571000,24390000,24551000,24419000,6359000,25434100,33729000,6359000,-73.96%
Rwanda,Sub-Saharan Africa,Low income,RWA,"International tourism, number of arrivals",,,,,,,,,,,,531000,610000,669000,664000,667000,908000,1061000,1122000,1220000,1298000,1377000,1570000,1711000,1634000,,1322333.333,1711000,531000,
Saudi Arabia,Middle East & North Africa,High income,SAU,"International tourism, number of arrivals",4398000,,,,,,,,,11083000,10417000,10962000,13479000,17717000,13319000,13025000,15776000,19847000,19934000,23010000,21834000,20887000,18607000,17570000,20292000,,19750777.78,23010000,4398000,
Sudan,Sub-Saharan Africa,Low income,SDN,"International tourism, number of arrivals",29000,38000,30000,36000,39000,38000,50000,52000,52000,61000,246000,328000,436000,440000,420000,495000,536000,575000,591000,684000,741000,800000,813000,836000,,,697000,836000,29000,
Senegal,Sub-Saharan Africa,Lower middle income,SEN,"International tourism, number of arrivals",,,,,,,,,502000,677000,779000,876000,879000,877000,815000,906000,977000,967000,1069000,976000,1014000,1219000,1376000,,,,1085428.571,1376000,502000,
Singapore,East Asia & Pacific,High income,SGP,"International tourism, number of arrivals",7137000,7292000,7198000,6242000,6958000,7691000,7522000,7567000,6127000,8329000,8943000,9751000,10285000,10116000,9683000,11642000,13171000,14496000,15568000,15095000,15231500,16403000,17425000,18508000,19116000,2742000,14775550,19116000,2742000,-85.66%
Solomon Islands,East Asia & Pacific,Lower middle income,SLB,"International tourism, number of arrivals",11800.00019,10300.00019,13800.00019,15800.00019,,5199.999809,,,6599.999905,5599.999905,9399.999619,11500,13699.99981,16299.99924,18299.99924,20500,22899.99962,23899.99962,24399.99962,20100.00038,21600.00038,23200.00076,25700.00076,27899.99962,28899.99962,4400.000095,22300.00005,28899.99962,4400.000095,-84.78%
El Salvador,Latin America & Caribbean,Lower middle income,SLV,"International tourism, number of arrivals",,,,,,867000,804000,885000,798000,1030000,1306000,1501000,1720000,1875000,1482000,1606000,1634000,1738000,1822000,1886000,1973000,2052000,2247000,2536000,2639000,707000,1923400,2639000,707000,-73.21%
San Marino,Europe & Central Asia,High income,SMR,"International tourism, number of arrivals",3368000,3345000,3308000,3264000,3148000,3071000,3036000,3102000,2882000,2812000,2107000,2136000,2164000,2112000,2056000,1976000,2038000,1869000,1905000,2004000,1888000,2000000,1937000,1874000,1904000,,1935444.444,3368000,1869000,
Serbia,Europe & Central Asia,Upper middle income,SRB,"International tourism, number of arrivals",,,,,,,,312000,339000,392000,453000,469000,696000,646000,645000,683000,764000,810000,922000,1029000,1132000,1281000,1497000,1711000,1847000,446000,1143900,1847000,312000,-75.85%
Sao Tome and Principe,Sub-Saharan Africa,Lower middle income,STP,"International tourism, number of arrivals",6199.999809,6400.000095,4800.000191,5599.999905,5800.000191,7099.999905,7500,9199.999809,10000,10600.00038,15800.00019,12300.00019,11800.00019,14500,15199.99981,8000,12199.99981,,,,25600.00038,28899.99962,28899.99962,33400.00153,,,25800.00019,33400.00153,4800.000191,
Suriname,Latin America & Caribbean,Upper middle income,SUR,"International tourism, number of arrivals",69000,74000,78000,70000,72000,72000,68000,,100000,,,154000,167000,151000,151000,206000,221000,240000,250000,253000,229000,257000,279000,,,,247000,279000,68000,
Slovenia,Europe & Central Asia,High income,SVN,"International tourism, number of arrivals",732000,832000,974000,977000,884000,1090000,1219000,1302000,1373000,1499000,1555000,1617000,1751000,1958000,1824000,2049000,2236000,2377000,2502000,2675000,3022000,3397000,3991000,4425000,4702000,1216000,3054300,4702000,732000,-74.14%
Sweden,Europe & Central Asia,High income,SWE,"International tourism, number of arrivals",2310000,2376000,2388000,2573000,2595000,3828000,4108000,4276000,4268000,4676000,4883000,4729000,5224000,4555000,4899000,5183000,11567000,12372000,10980000,10522000,6482000,6782000,7054000,7440000,7616000,1957000,8277200,12372000,1957000,-74.30%
Eswatini,Sub-Saharan Africa,Lower middle income,SWZ,"International tourism, number of arrivals",,1337000,1635000,986000,1253000,1151000,1312000,1371000,1543000,,1182000,1200000,1230000,1186000,1344000,1343000,1328000,1278000,1299000,1325000,1256000,1279000,1343000,1277000,1226000,345299.9878,1195629.999,1635000,345299.9878,-71.84%
Sint Maarten (Dutch part),Latin America & Caribbean,High income,SXM,"International tourism, number of arrivals",1024000,1022000,1325000,1339000,1061000,1300000,1271000,1436000,1600000,1823000,1956000,1890000,1891000,1821000,1655000,1956000,2080000,2210000,2253000,2502000,2407000,2197000,1640000,1775000,1952000,,2112888.889,2502000,1022000,
Seychelles,Sub-Saharan Africa,High income,SYC,"International tourism, number of arrivals",127000,142000,136000,134000,130000,140000,138000,135000,127000,126000,135000,151000,171000,173000,178000,191000,210000,216000,237000,239000,296000,333000,382000,405000,428000,124500,287050,428000,124500,-70.91%
Syrian Arab Republic,Middle East & North Africa,Low income,SYR,"International tourism, number of arrivals",2253000,2435000,2332000,2464000,2682000,3412000,3671000,4678000,4837000,6334000,5859000,5682000,5434000,6951000,7721000,10970000,6476000,,,,,1043000,1291000,1802000,2424000,,2607200,10970000,1043000,
Turks and Caicos Islands,Latin America & Caribbean,High income,TCA,"International tourism, number of arrivals",,,,,,,,,,,,,,757000,865000,899000,1010000,968000,1069000,1330000,1316000,1296000,1243000,1463000,1599000,370399.9939,1166439.999,1599000,370399.9939,-76.84%
Chad,Sub-Saharan Africa,Low income,TCD,"International tourism, number of arrivals",19000,20000,27000,41000,46000,43000,57000,32000,21000,26000,29000,46000,77000,61000,70000,71000,77000,86000,97000,119000,120000,98000,87000,63000,81000,10399.99962,83839.99996,120000,10399.99962,-87.16%
Togo,Sub-Saharan Africa,Low income,TGO,"International tourism, number of arrivals",53000,58000,92000,69000,70000,60000,57000,58000,61000,83000,81000,94000,86000,74000,150000,202000,300000,235000,327000,282000,273000,338000,514000,573000,876000,482000,420000,876000,53000,-44.98%
Thailand,East Asia & Pacific,Upper middle income,THA,"International tourism, number of arrivals",6952000,7244000,7294000,7843000,8651000,9579000,10133000,10873000,10082000,11737000,11567000,13822000,14464000,14584000,14150000,15936000,19230000,22354000,26547000,24810000,29923000,32530000,35592000,38178000,39916000,,29897777.78,39916000,6952000,
Tajikistan,Europe & Central Asia,Lower middle income,TJK,"International tourism, number of arrivals",,699.9999881,2099.999905,3200.000048,4500,7699.999809,5199.999809,,,,,,,325000,207000,160000,183000,244000,208000,213000,414000,344000,431000,1035000,,,384000,1035000,699.9999881,
Timor-Leste,East Asia & Pacific,Lower middle income,TLS,"International tourism, number of arrivals",,,,,,,,,,,,14000,22000,36000,44000,40000,51000,58000,79000,60000,61599.99847,65599.99847,73900.00153,74599.99847,74800.00305,,66500,79000,14000,
Tonga,East Asia & Pacific,Upper middle income,TON,"International tourism, number of arrivals",33000,31000,29000,35000,44000,43000,38000,45000,51000,51000,60000,54000,65000,65000,74699.99695,65000,68400.00153,57200.00076,59700.00076,65800.00305,72599.99847,86699.99695,86599.99847,77300.00305,94000,,74255.55589,94000,29000,
Trinidad and Tobago,Latin America & Caribbean,High income,TTO,"International tourism, number of arrivals",282000,317000,360000,377000,421000,503000,468000,451000,474000,501000,529000,534000,531000,482000,534000,490000,491000,504000,467000,455000,519000,492000,465000,501000,480000,141000,451500,534000,141000,-70.63%
Tunisia,Middle East & North Africa,Lower middle income,TUN,"International tourism, number of arrivals",4120000,3885000,4263000,4718000,4832000,5058000,5387000,5064000,5114000,5998000,6378000,6550000,6762000,7050000,7797000,7828000,5746000,6999000,7352000,7163000,5359000,5724000,7052000,8299000,9429000,2012000,6513500,9429000,2012000,-78.66%
Turkiye,Europe & Central Asia,Upper middle income,TUR,"International tourism, number of arrivals",7727000,8614000,9689000,9753000,7487000,10428000,11619000,13256000,14030000,17517000,21125000,19820000,27215000,31138000,31760000,32997000,36769000,37715000,39861000,41627000,41114000,30907000,37970000,46113000,51747000,15971000,37979400,51747000,7487000,-69.14%
Tuvalu,East Asia & Pacific,Upper middle income,TUV,"International tourism, number of arrivals",899.9999762,1000,1000,1000,1100.000024,1100.000024,1100.000024,1299.999952,1399.999976,1299.999952,1100.000024,1100.000024,1100.000024,1700.000048,1600.000024,1700.000048,1200.000048,1100.000024,1299.999952,1399.999976,2400.000095,2500,2500,3200.000048,3599.999905,,2133.333339,3599.999905,899.9999762,
Tanzania,Sub-Saharan Africa,Lower middle income,TZA,"International tourism, number of arrivals",295000,326000,360000,482000,627000,501000,525000,575000,576000,583000,613000,644000,719000,770000,714000,783000,868000,1077000,1096000,1140000,1137000,1284000,1327000,1506000,1527000,,1218000,1527000,295000,
Uganda,Sub-Saharan Africa,Low income,UGA,"International tourism, number of arrivals",160000,174000,175000,195000,189000,193000,205000,254000,305000,512000,468000,539000,642000,844000,807000,946000,1151000,1197000,1206000,1266000,1303000,1323000,1402000,1506000,1543000,473000,1237000,1543000,160000,-69.35%
Ukraine,Europe & Central Asia,Lower middle income,UKR,"International tourism, number of arrivals",6127000,6750000,14743000,12003000,10990000,11691000,11877000,12793000,15161000,18583000,20489000,21714000,26162000,28827000,24033000,24114000,24535000,25061000,26025000,13227000,13025000,13734000,14579000,14342000,13710000,3382000,16162000,28827000,3382000,-75.33%
Uruguay,Latin America & Caribbean,High income,URY,"International tourism, number of arrivals",2177000,2258000,2463000,2324000,2273000,2236000,2136000,1354000,1508000,1871000,1917000,1824000,1815000,2255000,2303000,2708000,3244000,3155000,3242000,3195000,3286000,3632000,4219000,3954000,3480000,,3489666.667,4219000,1354000,
United States,North America,High income,USA,"International tourism, number of arrivals",79732000,82756000,82525000,74767000,75796000,78343000,70975000,64434000,62082000,67606000,71484000,183178000,175299000,175703000,160508000,162275000,147271421.9,171629890.6,179309906.3,178311359.4,176864531.3,175261484.4,174291750,169324921.9,165478000,45037000,158278026.6,183178000,45037000,-72.78%
Uzbekistan,Europe & Central Asia,Lower middle income,UZB,"International tourism, number of arrivals",92000,173000,960000,811000,487000,302000,345000,332000,231000,262000,242000,560000,903000,1069000,1215000,975000,1393000,1895000,1969000,1862000,1918000,2027000,2690000,5346000,6749000,,2872111.111,6749000,92000,
St. Vincent and the Grenadines,Latin America & Caribbean,Upper middle income,VCT,"International tourism, number of arrivals",218000,216000,200000,202000,223000,256000,254000,247000,242000,262000,256000,306000,328000,250000,271000,231000,208000,200000,200000,205000,207000,227000,303000,356000,392000,,255333.3333,392000,200000,
"Venezuela, RB",Latin America & Caribbean,,VEN,"International tourism, number of arrivals",879000,960000,933000,813000,702000,602000,792000,590000,435000,618000,846000,883000,898000,702000,567000,535000,625000,1061000,1085000,967000,882000,681000,429000,,,,818571.4286,1085000,429000,
British Virgin Islands,Latin America & Caribbean,High income,VGB,"International tourism, number of arrivals",219000,244000,244000,279000,284000,272000,296000,282000,278000,304000,337000,356000,358000,346000,309000,330000,338000,351000,366000,386000,393000,408000,335000,192000,302399.9939,83000,315439.9994,408000,83000,-72.55%
Virgin Islands (U.S.),Latin America & Caribbean,High income,VIR,"International tourism, number of arrivals",1741000,1779000,2128000,2139000,1964000,2396000,2497000,2337000,2395000,2620000,2602000,2571000,2606000,2435000,2245000,2531000,2686000,2640000,2702000,2814000,2643000,2574000,1954000,1922000,2074000,8612000,3062100,8612000,1741000,315.24%
Vietnam,East Asia & Pacific,Lower middle income,VNM,"International tourism, number of arrivals",1351000,1607000,1716000,1520000,1782000,2140000,2330000,2628000,2429000,2928000,3477000,3583000,4229000,4236000,3747000,5050000,6014000,6848000,7572000,7874000,7944000,10013000,12922000,15498000,18009000,3837000,9653100,18009000,1351000,-78.69%
Vanuatu,East Asia & Pacific,Lower middle income,VUT,"International tourism, number of arrivals",82000,103000,81000,78000,96000,106000,106000,99000,102000,99000,126000,154000,167000,196600.0061,225500,237699.9969,248899.9939,321000,357000,329000,287000,351600.0061,332700.0122,350200.0122,256000,82400.00153,291580.0026,357000,78000,-67.81%
Samoa,East Asia & Pacific,Lower middle income,WSM,"International tourism, number of arrivals",,,,,,,,,,,,116000,122000,122000,129000,130000,128000,135000,125000,132000,139000,146000,158000,172000,181000,23899.99962,133990,181000,23899.99962,-86.80%
South Africa,Sub-Saharan Africa,Upper middle income,ZAF,"International tourism, number of arrivals",4684000,5186000,5170000,5898000,6026000,6001000,5908000,6550000,6640000,6815000,7518000,8509000,9208000,9729000,9532000,11303000,12097000,13069000,14318000,14530000,13952000,15121000,14975000,15004000,14797000,3886600.098,13174960.01,15121000,3886600.098,-73.73%
Zambia,Sub-Saharan Africa,Low income,ZMB,"International tourism, number of arrivals",163000,264000,341000,362000,404000,457000,492000,565000,413000,515000,669000,757000,897000,812000,710000,815000,920000,859000,915000,947000,932000,956000,1009000,1072000,1266000,502000,937800,1266000,163000,-60.35%
Zimbabwe,Sub-Saharan Africa,Lower middle income,ZWE,"International tourism, number of arrivals",1416000,1597000,1336000,2090000,2250000,1967000,2217000,2041000,2256000,1854000,1559000,2287000,2506000,1956000,2017000,2239000,2423000,1794000,1833000,1880000,2057000,2168000,2423000,2580000,2294000,639000,2009100,2580000,639000,-72.14%
